unit,url
Foundation 1: Biomolecules,https://www.khanacademy.org/test-prep/mcat/biomolecules
Foundation 2: Cells,https://www.khanacademy.org/test-prep/mcat/cells
Foundation 3: Organ systems,https://www.khanacademy.org/test-prep/mcat/organ-systems
Foundation 4: Physical processes,https://www.khanacademy.org/test-prep/mcat/physical-processes
Foundation 5: Chemical processes,https://www.khanacademy.org/test-prep/mcat/chemical-processes
Foundation 6: Processing the environment,https://www.khanacademy.org/test-prep/mcat/processing-the-environment
Foundation 7: Behavior,https://www.khanacademy.org/test-prep/mcat/behavior
Foundation 8: Individuals and society,https://www.khanacademy.org/test-prep/mcat/individuals-and-society
Foundation 9: Society and culture,https://www.khanacademy.org/test-prep/mcat/society-and-culture
Foundation 10: Social inequality,https://www.khanacademy.org/test-prep/mcat/social-inequality